﻿<?xml version="1.0" encoding="utf-8"?>

<requestList>
	<!--南洋站中母线电压最大/最小的是多少-->
	<subject name="property" valueType="v" method="max" value="?">
		<attribute name="belongs" deviceType="st" value="南洋站ID">
		<attribute name="belongs" deviceType="bus" value="null">
	</subject>

	<!--巴大Ⅰ线、巴大ⅠⅠ线、巴铜线中无功最大的是哪一线，是多少；-->
	<subject name="property" valueType="p" method="max" value="?">
		<attribute name="belongs" deviceType="acline" value="巴大Ⅰ线ID"/>
		<attribute name="belongs" deviceType="acline" value="巴大ⅠⅠ线ID"/>
		<attribute name="belongs" deviceType="acline" value="巴铜线ID"/>
	</subject>

	<!--求巴大I线、巴大II线、巴铜三线的无功最小值；-->
	<subject name="property" valueType="q" method="min" value="?">
		<attribute name="belongs" deviceType="acline" value="巴大Ⅰ线ID"/>
		<attribute name="belongs" deviceType="acline" value="巴大ⅠⅠ线ID"/>
		<attribute name="belongs" deviceType="acline" value="巴铜线ID"/>
	</subject>

	<!--东坡站主变相电流最大值是多少；-->
	<!--求东坡主变相电流最大值；-->
	<!--就a相电流值 b相电流值 c相电流值中的最大的-->
	<subject name="property" valueType="ia,ib,ic" method="max" value="?">
		<attribute name="belongs" deviceType="st" value="东坡站ID"/>
		<attribute name="belongs" deviceType="transformer" value="null"/>
	</subject>
	
	<!--巴中主变220kv电压最大值是多少；-->
	<!--求巴中主变220kv电压最大值；-->
	<!--解释：这应该就是巴中站 n个主变 每个主变的220kv侧的电压 绕组的电压等级-->
	<subject name="property" valueType="v" method="max" value="?">
		<attribute name="belongs" deviceType="st" value="巴中ID"/>
		<attribute name="belongs" deviceType="transformer" winding="220" value="null"/>
	</subject>
	
	<!--丹巴2#主变油温最大值是多少；-->
	<subject name="property" valueType="oil_temperature" method="max" value="?">
		<attribute name="belongs" deviceType="st" value="丹巴ID"/>
		<attribute name="belongs" deviceType="transformer" value="2#主变ID" value="null"/>
	</subject>
	
	<!--取今日/昨日/XX日福建.金鸿/220kV.Ⅱ段母线的电压最大/小值 TODO-->
	<subject name="property" valueType="v" method="max" value="?">
		<attribute name="belongs" deviceType="st" value="福建.金鸿ID"/>
		<attribute name="belongs" deviceType="kv" value="220"/>
		<attribute name="belongs" deviceType="bus" value="Ⅱ段母线ID"/>
		<attribute name="time" starttime="昨日"/>
	</subject>
	
	<!--今日/昨日大玉Ⅱ路最大无功是多少；-->
	<subject name="property" valueType="q" method="max" value="?">
		<attribute name="belongs" deviceType="acline" value="大玉Ⅱ路"/>
		<attribute name="time" starttime="昨日"/>
	</subject>
	
	<!--福建.云顶风电场/云顶风电场的功率因数；-->
	<subject name="property" method="pw_factor" value="?">
		<attribute name="belongs" deviceType="st" value="福建.云顶风电厂ID"/>
	</subject>
	
	<!--都榕I线功率因数是多少；-->
	<!--求都榕I线功率因数；-->
	<subject name="property" method="pw_factor" value="?">
		<attribute name="belongs" deviceType="acline" value="都榕I线ID"/>
	</subject>
	
	<!--后石火电厂功率因数是多少；-->
	<!--求后石火电厂功率因数；-->
	<subject name="property" method="pw_factor" value="?">
		<attribute name="belongs" deviceType="st" value="后石火电厂ID"/>
	</subject>
	
	<!--求洪沟集控主变视在功率；-->
	<!--洪沟集控主变视在功率是多少；-->
	<subject name="property" method="see_power" value="?">
		<attribute name="belongs" deviceType="st" value="洪沟集控站ID"/>
	</subject>
	
	<!--福建.可门火电厂机组平均出力是多少-->
	<!--求福建.可门火电厂机组平均出力；-->
	<subject name="property" valueType="p" method="avg" value="?">
		<attribute name="belongs" deviceType="st" value="福建.可门ID"/>
		<attribute name="belongs" deviceType="gen"  value="null"/>
	</subject>
	
</requestList>