<?xml version="1.0" encoding="utf-8"?>

<!--建立分合状态与遥信的同义词-->
<!--建立接地与开关合的同义词-->
<!--有功不平衡量 建立词典-->
<!--南充demo中包含隐藏的字面意思-->
<requestList>
	<!--取前云火电厂#1机AGC指令值的数据   后台需要继续调查AGC指令值的业务含义-->
	<subject name="property" valueType="agc_value" method="enum" value="?" >
		<attribute name="belongs" deviceType="st" value="前云火电厂ID"/>
		<attribute name="belongs" deviceType="gen" value="#1机ID"/>
	</subject>
	<!--当前福建.安兜站251开关分合状态是什么；-->
	<!--福建.安兜站251开关遥信值是什么；-->
	<!--取福建.安兜站251开关遥信值；-->
	<subject name="property" valueType="yx" method="enum" value="?" >
		<attribute name="belongs" deviceType="st" value="福建.安兜站ID"/>
		<attribute name="belongs" deviceType="breaker" value="251开关ID"/>
	</subject>

	<!--当前天福站/110kV.母联19M1刀闸分合状态是什么；-->
	<!--福站/110kV.母联19M1刀闸遥信值是什么；-->
	<!--取福站/110kV.母联19M1刀闸遥信值；todo-->
	<subject name="property" valueType="yx" method="enum" value="?" >
		<attribute name="belongs" deviceType="st" value="天福站ID"/>
		<attribute name="belongs" deviceType="kv" value="110"/>
		<attribute name="belongs" deviceType="disconnector" value="母联19M1刀闸ID" />
	</subject>
	
	<!--金华换流站511127接地刀闸是否接地；思考 TODO 是否大于-->
	<!--金华换流站511127接地刀闸遥信值是否等于1；-->
	<subject name="property" valueType="yx" method="enum" compareValue="1" value="?" >
		<attribute name="belongs" deviceType="st" value="金华换流站ID"/>
		<attribute name="belongs" deviceType="grounddisconnector" value="511127接地刀闸ID"/>
	</subject>

	<!--福建.三墩风电场 220kv母线电压是多少；-->
	<!--取福建.三墩风电场 220kv母线电压值；todo -->
	<subject name="property" valueType="v" method="enum" value="?" >
		<attribute name="belongs" deviceType="st" value="福建.三墩风电厂ID"/>
		<attribute name="belongs" deviceType="kv" value="220"/>
		<attribute name="belongs" deviceType="bus"/>
	</subject>
	
	<!--福建.东台/500kV.Ⅰ段母线有功不平衡量是多少；-->
	<!--取福建.东台/500kV.Ⅰ段母线有功不平衡量是多少；-->
	<subject name="property" valueType="pb" method="enum" value="?" >
		<attribute name="belongs" deviceType="st" value="福建.东台ID"/>
		<attribute name="belongs" deviceType="kv" value="500"/>
		<attribute name="belongs" deviceType="bus" value="Ⅰ段母线"/>
	</subject>
	
	<!--求福建.可门火电厂有功出力；-->
	<!--福建.可门火电厂有功是多少  -->
	<subject name="property" valueType="p" method="enum" value="?" >
		<attribute name="belongs" deviceType="st" value="福建.可门火电厂ID"/>
	</subject>
	
	<!--福建.可门火电厂#1机组有功正旋备是多少-->；
	<!--求福建.可门火电厂#1机组有功正旋备；-->
	<subject name="property" valueType="p_up" method="enum" value="?" >
		<attribute name="belongs" deviceType="st" value="福建.可门火电厂ID"/>
		<attribute name="belongs" deviceType="bus" value="#1机组"/>
	</subject>
	
	<!--春围Ⅰ路线路负载率是多少；-->
	<!--求春围Ⅰ路线路负载率；-->
	<subject name="property" valueType="load_rate" method="enum" value="?" >
		<attribute name="belongs" deviceType="acline" value="春围Ⅰ路线路ID"/>
	</subject>
	
	<!--南充500KV无功负荷是多少-->
	<!--求南充500KV无功负荷；-->
	<!--南充变电站 变压器 500kv侧无功值总加 TODO---->
	<!--如果是变电站就是变压器-->
	<!--如果是换流站就是线路-->
	<subject name="property" valueType="q_load" method="enum" value="?" >
		<attribute name="belongs" deviceType="st" value="南充站ID"/>
		<attribute name="belongs" deviceType="kv" value="500" />
	</subject>	
</requestList>