﻿<?xml version="1.0" encoding="utf-8"?>
<!-- 在每次循环中 -->
<!--潮流、有功建立同义词-->
<!--区分出来和、与这些并列词-->
<!--出力建立停顿词-->
<!--开机容量思考-->

<!--加法、减法-->
<requestList>

	<!--福建.可门火电厂#1机组有功出力与#2机组有功出力之和；OK-->
	<!--福建.可门火电厂#1机组有功出力与#2机组有功出力总加；OK-->
	<!--福建.可门火电厂#1机组有功出力加#2机组有功出力；OK-->
	<subject name="property" valueType="p" method="sum" value="?">
		<entity>
			<attribute name="belongs" deviceType="st" value="福建.可门火电厂ID"/>
			<attribute name="belongs" deviceType="gen" value="#1机组ID"/>
		</entity>
		<entity>
			<attribute name="belongs" deviceType="gen" value="#2机组ID"/>
		</entity>
	</subject>
	
	<!--安故Ⅰ路与安故ⅠⅠ路有功之和是多少；OK-->
	<!--求安故Ⅰ路有功加上安故ⅠⅠ路有功；-->
	<!--求安故Ⅰ路与安故ⅠⅠ路有功总加；-->
	<subject name="property" valueType="p" method="sum" value="?">
		<entity>
			<attribute name="belongs" deviceType="acline" value="安故Ⅰ路ID"/>
		</entity>
		<entity>
			<attribute name="belongs" deviceType="acline" value="安故ⅠⅠ路ID"/>
		</entity>
	</subject>
	
	<!--巴大Ⅰ线、巴大ⅠⅠ线、巴铜线潮流之和是多少；OK-->
	<!--求巴大Ⅰ线有功加巴大ⅠⅠ线有功加巴铜线有功；-->
	<!--巴大双线与巴铜线有功总加；-->
	<subject name="property" valueType="p" method="sum" value="?">
		<entity>
			<attribute name="belongs" deviceType="acline" value="巴大Ⅰ线ID"/>
		</entity>
		<entity>
			<attribute name="belongs" deviceType="acline" value="巴大ⅠⅠ线ID"/>
		</entity>
		<entity>
			<attribute name="belongs" deviceType="acline" value="巴铜线ID"/>
		</entity>
	</subject>
	
	<!--碧里变电站#1#2主变潮流之和是多少；-->
	<!--碧里变电站#1#2主变潮流总加是多少；-->
	<!--求碧里变电站#1主变有功加碧里变电站#2主变有功；OK-->
	<subject name="property" valueType="p" method="sum" value="?">
		<entity>
			<attribute name="belongs" deviceType="st" value="碧里变电站ID"/>
			<attribute name="belongs" deviceType="transformer" value="#1主变ID"/>
		</entity>
		<entity>
			<attribute name="belongs" deviceType="st" value="碧里变电站ID"/>
			<attribute name="belongs" deviceType="transformer" value="#2主变ID"/>
		</entity>
	</subject>

	<!--华东.榕城/榕城变电站高压侧有功之和；-->
	<!--华东.榕城/榕城变电站高压侧有功总加；复杂 TODO-->
	<subject name="property" valueType="p" method="sum" value="?">
		<attribute name="belongs" deviceType="st" value="华东.榕城/榕城变电站ID"/>
		<attribute name="belongs" deviceType="transformer" winding="high" value="null"/>
	</subject>
	
	<!--求嘉州500kV变电站有功负荷是多少；-->
	<!--嘉州变电站500kV侧变压器有功；-->
	<subject name="property" valueType="p" method="enum" value="?">
		<attribute name="belongs" deviceType="st" value="嘉州变电站ID"/>
		<attribute name="belongs" deviceType="kv" value="500" />
		<attribute name="belongs" deviceType="transformer" value="null"/>
	</subject>
	
	<!--福建.黛溪水电厂 110kv 双母线电压之差是多少； TODO-->
	<subject name="property" valueType="v" method="imsub" value="?">
		<attribute name="belongs" deviceType="st" value="福建.黛溪水电厂ID"/>
		<attribute name="belongs" deviceType="kv" value="110" />
		<attribute name="belongs" deviceType="bus" value="null"/>
	</subject>
	
	<!--求福建.黛溪水电厂 110kvⅠ母线电压值减去福建.黛溪水电厂 110kv ⅠⅠ母线电压；OK-->
	<subject name="property" valueType="v" method="imsub" value="?">
		<entity>
			<attribute name="belongs" deviceType="st" value="福建.黛溪水电厂ID"/>
			<attribute name="belongs" deviceType="kv" value="110" />
			<attribute name="belongs" deviceType="bus" value="1母ID"/>
		</entity>
		<entity>
			<attribute name="belongs" deviceType="st" value="福建.黛溪水电厂ID"/>
			<attribute name="belongs" deviceType="kv" value="110" />
			<attribute name="belongs" deviceType="bus" value="2母ID"/>
		</entity>
	</subject>
	
	<!--求福建.黛溪水电厂 110kvⅠ母线电压值减去福建.黛溪水电厂 110kv ⅠⅠ母线电压加上
	福建.黛溪水电厂 220kv ⅠⅠ母线电压；OK-->
	<subject name="property" valueType="v" method="@1-@2+@3" value="?">
		<entity>
			<attribute name="belongs" deviceType="st" value="福建.黛溪水电厂ID"/>
			<attribute name="belongs" deviceType="kv" value="110" />
			<attribute name="belongs" deviceType="bus" value="1母ID"/>
		</entity>
		<entity>
			<attribute name="belongs" deviceType="st" value="福建.黛溪水电厂ID"/>
			<attribute name="belongs" deviceType="kv" value="110" />
			<attribute name="belongs" deviceType="bus" value="2母ID"/>
		</entity>
		<entity>
			<attribute name="belongs" deviceType="st" value="福建.黛溪水电厂ID"/>
			<attribute name="belongs" deviceType="kv" value="220" />
			<attribute name="belongs" deviceType="bus" value="2母ID"/>
		</entity>
	</subject>
	
	<!--福建.可门火电厂开机容量是多少-->
	<!--求福建.可门火电厂开机容量；-->
	<subject name="property" valueType="online_mvarate" method="enum" value="?">
		<attribute name="belongs" deviceType="st" value="福建.可门火电厂ID"  />
	</subject>
	
</requestList>